{
  "palabras": [
    "arranca",
    "almacen",
    "base",
    "recoge",
    "suelo",
    "mira",
    "izquierda",
    "grua",
    "freno",
    "entrega"
  ],
  "nota": "Si el proyecto usa 5 palabras, la matriz de confusión correcta es 5x5. Si pidieran 10 palabras, cambiar PALABRAS a 10 clases.",
  "diagonalidad_A": {
    "arranca": {
      "A": [
        [
          0.9442896935933147,
          0.05571030640668524,
          0.0,
          0.0,
          0.0
        ],
        [
          0.0,
          0.9438990182328191,
          0.05610098176718093,
          0.0,
          0.0
        ],
        [
          0.0,
          0.0,
          0.9434229137199435,
          0.056577086280056574,
          0.0
        ],
        [
          0.0,
          0.0,
          0.0,
          0.9421965317919075,
          0.057803468208092484
        ],
        [
          0.0,
          0.0,
          0.0,
          0.0,
          1.0
        ]
      ],
      "masa_permitida_diagonal_superdiagonal": 5.0,
      "masa_prohibida_fuera_de_bakis": 0.0,
      "cumple_bakis": true
    },
    "almacen": {
      "A": [
        [
          0.937791601866252,
          0.06220839813374806,
          0.0,
          0.0,
          0.0
        ],
        [
          0.0,
          0.9375,
          0.0625,
          0.0,
          0.0
        ],
        [
          0.0,
          0.0,
          0.9365079365079365,
          0.06349206349206349,
          0.0
        ],
        [
          0.0,
          0.0,
          0.0,
          0.9347471451876019,
          0.06525285481239805
        ],
        [
          0.0,
          0.0,
          0.0,
          0.0,
          1.0
        ]
      ],
      "masa_permitida_diagonal_superdiagonal": 5.0,
      "masa_prohibida_fuera_de_bakis": 0.0,
      "cumple_bakis": true
    },
    "base": {
      "A": [
        [
          0.9306759098786829,
          0.06932409012131716,
          0.0,
          0.0,
          0.0
        ],
        [
          0.0,
          0.9299474605954466,
          0.07005253940455342,
          0.0,
          0.0
        ],
        [
          0.0,
          0.0,
          0.9293286219081273,
          0.0706713780918728,
          0.0
        ],
        [
          0.0,
          0.0,
          0.0,
          0.927797833935018,
          0.07220216606498195
        ],
        [
          0.0,
          0.0,
          0.0,
          0.0,
          1.0
        ]
      ],
      "masa_permitida_diagonal_superdiagonal": 5.0,
      "masa_prohibida_fuera_de_bakis": 0.0,
      "cumple_bakis": true
    },
    "recoge": {
      "A": [
        [
          0.9453551912568307,
          0.0546448087431694,
          0.0,
          0.0,
          0.0
        ],
        [
          0.0,
          0.9449035812672176,
          0.05509641873278237,
          0.0,
          0.0
        ],
        [
          0.0,
          0.0,
          0.9445983379501385,
          0.055401662049861494,
          0.0
        ],
        [
          0.0,
          0.0,
          0.0,
          0.9432624113475178,
          0.05673758865248227
        ],
        [
          0.0,
          0.0,
          0.0,
          0.0,
          1.0
        ]
      ],
      "masa_permitida_diagonal_superdiagonal": 5.0,
      "masa_prohibida_fuera_de_bakis": 0.0,
      "cumple_bakis": true
    },
    "suelo": {
      "A": [
        [
          0.9309153713298791,
          0.0690846286701209,
          0.0,
          0.0,
          0.0
        ],
        [
          0.0,
          0.929701230228471,
          0.070298769771529,
          0.0,
          0.0
        ],
        [
          0.0,
          0.0,
          0.9292035398230089,
          0.07079646017699115,
          0.0
        ],
        [
          0.0,
          0.0,
          0.0,
          0.927797833935018,
          0.07220216606498195
        ],
        [
          0.0,
          0.0,
          0.0,
          0.0,
          1.0
        ]
      ],
      "masa_permitida_diagonal_superdiagonal": 5.0,
      "masa_prohibida_fuera_de_bakis": 0.0,
      "cumple_bakis": true
    },
    "mira": {
      "A": [
        [
          0.933993399339934,
          0.066006600660066,
          0.0,
          0.0,
          0.0
        ],
        [
          0.0,
          0.9333333333333333,
          0.06666666666666667,
          0.0,
          0.0
        ],
        [
          0.0,
          0.0,
          0.9326599326599326,
          0.06734006734006734,
          0.0
        ],
        [
          0.0,
          0.0,
          0.0,
          0.9306759098786829,
          0.06932409012131716
        ],
        [
          0.0,
          0.0,
          0.0,
          0.0,
          1.0
        ]
      ],
      "masa_permitida_diagonal_superdiagonal": 5.0,
      "masa_prohibida_fuera_de_bakis": 0.0,
      "cumple_bakis": true
    },
    "izquierda": {
      "A": [
        [
          0.937791601866252,
          0.06220839813374806,
          0.0,
          0.0,
          0.0
        ],
        [
          0.0,
          0.9368088467614534,
          0.06319115323854661,
          0.0,
          0.0
        ],
        [
          0.0,
          0.0,
          0.9357945425361156,
          0.06420545746388444,
          0.0
        ],
        [
          0.0,
          0.0,
          0.0,
          0.934640522875817,
          0.06535947712418301
        ],
        [
          0.0,
          0.0,
          0.0,
          0.0,
          1.0
        ]
      ],
      "masa_permitida_diagonal_superdiagonal": 5.0,
      "masa_prohibida_fuera_de_bakis": 0.0,
      "cumple_bakis": true
    },
    "grua": {
      "A": [
        [
          0.927536231884058,
          0.07246376811594203,
          0.0,
          0.0,
          0.0
        ],
        [
          0.0,
          0.926605504587156,
          0.07339449541284404,
          0.0,
          0.0
        ],
        [
          0.0,
          0.0,
          0.9257884972170687,
          0.07421150278293136,
          0.0
        ],
        [
          0.0,
          0.0,
          0.0,
          0.9242424242424242,
          0.07575757575757576
        ],
        [
          0.0,
          0.0,
          0.0,
          0.0,
          1.0
        ]
      ],
      "masa_permitida_diagonal_superdiagonal": 5.0,
      "masa_prohibida_fuera_de_bakis": 0.0,
      "cumple_bakis": true
    },
    "freno": {
      "A": [
        [
          0.9164926931106472,
          0.08350730688935282,
          0.0,
          0.0,
          0.0
        ],
        [
          0.0,
          0.9150743099787686,
          0.08492569002123142,
          0.0,
          0.0
        ],
        [
          0.0,
          0.0,
          0.9141630901287554,
          0.08583690987124463,
          0.0
        ],
        [
          0.0,
          0.0,
          0.0,
          0.9120879120879121,
          0.08791208791208792
        ],
        [
          0.0,
          0.0,
          0.0,
          0.0,
          1.0
        ]
      ],
      "masa_permitida_diagonal_superdiagonal": 5.0,
      "masa_prohibida_fuera_de_bakis": 0.0,
      "cumple_bakis": true
    },
    "entrega": {
      "A": [
        [
          0.9344262295081968,
          0.06557377049180328,
          0.0,
          0.0,
          0.0
        ],
        [
          0.0,
          0.9335548172757475,
          0.06644518272425248,
          0.0,
          0.0
        ],
        [
          0.0,
          0.0,
          0.9327731092436975,
          0.06722689075630252,
          0.0
        ],
        [
          0.0,
          0.0,
          0.0,
          0.9318568994889268,
          0.06814310051107325
        ],
        [
          0.0,
          0.0,
          0.0,
          0.0,
          1.0
        ]
      ],
      "masa_permitida_diagonal_superdiagonal": 5.0,
      "masa_prohibida_fuera_de_bakis": 0.0,
      "cumple_bakis": true
    }
  },