{
  "palabras": [
    "arranca",
    "almacen",
    "base",
    "recoge",
    "suelo",
    "mira",
    "izquierda",
    "grua",
    "freno",
    "entrega"
  ],
  "nota": "Si el proyecto usa 5 palabras, la matriz de confusión correcta es 5x5. Si pidieran 10 palabras, cambiar PALABRAS a 10 clases.",
  "diagonalidad_A": {
    "arranca": {
      "A": [
        [
          0.9343544857768052,
          0.06564551422319476,
          0.0,
          0.0,
          0.0
        ],
        [
          0.0,
          0.9337748344370861,
          0.06622516556291391,
          0.0,
          0.0
        ],
        [
          0.0,
          0.0,
          0.9330357142857143,
          0.06696428571428571,
          0.0
        ],
        [
          0.0,
          0.0,
          0.0,
          0.9322799097065463,
          0.06772009029345372
        ],
        [
          0.0,
          0.0,
          0.0,
          0.0,
          1.0
        ]
      ],
      "masa_permitida_diagonal_superdiagonal": 5.0,
      "masa_prohibida_fuera_de_bakis": 0.0,
      "cumple_bakis": true
    },
    "almacen": {
      "A": [
        [
          0.9310344827586207,
          0.06896551724137931,
          0.0,
          0.0,
          0.0
        ],
        [
          0.0,
          0.9303944315545244,
          0.06960556844547564,
          0.0,
          0.0
        ],
        [
          0.0,
          0.0,
          0.9290780141843972,
          0.07092198581560284,
          0.0
        ],
        [
          0.0,
          0.0,
          0.0,
          0.927710843373494,
          0.07228915662650602
        ],
        [
          0.0,
          0.0,
          0.0,
          0.0,
          1.0
        ]
      ],
      "masa_permitida_diagonal_superdiagonal": 5.0,
      "masa_prohibida_fuera_de_bakis": 0.0,
      "cumple_bakis": true
    },
    "base": {
      "A": [
        [
          0.9104477611940298,
          0.08955223880597016,
          0.0,
          0.0,
          0.0
        ],
        [
          0.0,
          0.9096385542168675,
          0.09036144578313253,
          0.0,
          0.0
        ],
        [
          0.0,
          0.0,
          0.9076923076923077,
          0.0923076923076923,
          0.0
        ],
        [
          0.0,
          0.0,
          0.0,
          0.9065420560747663,
          0.09345794392523366
        ],
        [
          0.0,
          0.0,
          0.0,
          0.0,
          1.0
        ]
      ],
      "masa_permitida_diagonal_superdiagonal": 5.0,
      "masa_prohibida_fuera_de_bakis": 0.0,
      "cumple_bakis": true
    },
    "recoge": {
      "A": [
        [
          0.9381443298969072,
          0.06185567010309278,
          0.0,
          0.0,
          0.0
        ],
        [
          0.0,
          0.9376299376299376,
          0.06237006237006237,
          0.0,
          0.0
        ],
        [
          0.0,
          0.0,
          0.9369747899159664,
          0.06302521008403361,
          0.0
        ],
        [
          0.0,
          0.0,
          0.0,
          0.9358974358974359,
          0.06410256410256411
        ],
        [
          0.0,
          0.0,
          0.0,
          0.0,
          1.0
        ]
      ],
      "masa_permitida_diagonal_superdiagonal": 5.0,
      "masa_prohibida_fuera_de_bakis": 0.0,
      "cumple_bakis": true
    },
    "suelo": {
      "A": [
        [
          0.9186991869918699,
          0.08130081300813008,
          0.0,
          0.0,
          0.0
        ],
        [
          0.0,
          0.9175824175824175,
          0.08241758241758242,
          0.0,
          0.0
        ],
        [
          0.0,
          0.0,
          0.9166666666666666,
          0.08333333333333333,
          0.0
        ],
        [
          0.0,
          0.0,
          0.0,
          0.9154929577464789,
          0.08450704225352113
        ],
        [
          0.0,
          0.0,
          0.0,
          0.0,
          1.0
        ]
      ],
      "masa_permitida_diagonal_superdiagonal": 5.0,
      "masa_prohibida_fuera_de_bakis": 0.0,
      "cumple_bakis": true
    },
    "mira": {
      "A": [
        [
          0.9096385542168675,
          0.09036144578313253,
          0.0,
          0.0,
          0.0
        ],
        [
          0.0,
          0.9079754601226994,
          0.09202453987730061,
          0.0,
          0.0
        ],
        [
          0.0,
          0.0,
          0.9056603773584906,
          0.09433962264150944,
          0.0
        ],
        [
          0.0,
          0.0,
          0.0,
          0.9047619047619048,
          0.09523809523809523
        ],
        [
          0.0,
          0.0,
          0.0,
          0.0,
          1.0
        ]
      ],
      "masa_permitida_diagonal_superdiagonal": 5.0,
      "masa_prohibida_fuera_de_bakis": 0.0,
      "cumple_bakis": true
    },
    "izquierda": {
      "A": [
        [
          0.930715935334873,
          0.06928406466512702,
          0.0,
          0.0,
          0.0
        ],
        [
          0.0,
          0.9290780141843972,
          0.07092198581560284,
          0.0,
          0.0
        ],
        [
          0.0,
          0.0,
          0.9284009546539379,
          0.07159904534606205,
          0.0
        ],
        [
          0.0,
          0.0,
          0.0,
          0.927360774818402,
          0.07263922518159806
        ],
        [
          0.0,
          0.0,
          0.0,
          0.0,
          1.0
        ]
      ],
      "masa_permitida_diagonal_superdiagonal": 5.0,
      "masa_prohibida_fuera_de_bakis": 0.0,
      "cumple_bakis": true
    },
    "grua": {
      "A": [
        [
          0.9135446685878963,
          0.08645533141210375,
          0.0,
          0.0,
          0.0
        ],
        [
          0.0,
          0.911504424778761,
          0.08849557522123894,
          0.0,
          0.0
        ],
        [
          0.0,
          0.0,
          0.9104477611940298,
          0.08955223880597016,
          0.0
        ],
        [
          0.0,
          0.0,
          0.0,
          0.9090909090909091,
          0.09090909090909091
        ],
        [
          0.0,
          0.0,
          0.0,
          0.0,
          1.0
        ]
      ],
      "masa_permitida_diagonal_superdiagonal": 5.0,
      "masa_prohibida_fuera_de_bakis": 0.0,
      "cumple_bakis": true
    },
    "freno": {
      "A": [
        [
          0.9003322259136213,
          0.09966777408637874,
          0.0,
          0.0,
          0.0
        ],
        [
          0.0,
          0.8976109215017065,
          0.10238907849829351,
          0.0,
          0.0
        ],
        [
          0.0,
          0.0,
          0.8951048951048951,
          0.1048951048951049,
          0.0
        ],
        [
          0.0,
          0.0,
          0.0,
          0.8932384341637011,
          0.10676156583629892
        ],
        [
          0.0,
          0.0,
          0.0,
          0.0,
          1.0
        ]
      ],
      "masa_permitida_diagonal_superdiagonal": 5.0,
      "masa_prohibida_fuera_de_bakis": 0.0,
      "cumple_bakis": true
    },
    "entrega": {
      "A": [
        [
          0.927007299270073,
          0.07299270072992702,
          0.0,
          0.0,
          0.0
        ],
        [
          0.0,
          0.9259259259259259,
          0.07407407407407407,
          0.0,
          0.0
        ],
        [
          0.0,
          0.0,
          0.924812030075188,
          0.07518796992481203,
          0.0
        ],
        [
          0.0,
          0.0,
          0.0,
          0.9242424242424242,
          0.07575757575757576
        ],
        [
          0.0,
          0.0,
          0.0,
          0.0,
          1.0
        ]
      ],
      "masa_permitida_diagonal_superdiagonal": 5.0,
      "masa_prohibida_fuera_de_bakis": 0.0,
      "cumple_bakis": true
    }
  },