{
  "palabra": "entrega",
  "N": 5,
  "M": 256,
  "epsilon_B": 1e-06,
  "num_secuencias_entrenamiento": 40,
  "longitudes_secuencias": [
    48,
    50,
    67,
    59,
    54,
    60,
    55,
    52,
    51,
    46,
    73,
    49,
    44,
    75,
    65,
    72,
    61,
    82,
    90,
    71,
    62,
    68,
    70,
    72,
    70,
    74,
    65,
    66,
    123,
    66,
    81,
    111,
    99,
    107,
    123,
    123,
    123,
    60,
    123,
    64
  ],
  "duracion_promedio_estados": [
    15.25,
    15.05,
    14.875,
    14.675,
    14.5
  ],
  "suma_filas_A": [
    1.0,
    1.0,
    1.0,
    1.0,
    1.0
  ],
  "suma_filas_B": [
    1.0000000000000004,
    1.0,
    1.0000000000000004,
    1.0000000000000002,
    1.0000000000000002
  ],
  "suma_pi": 1.0,
  "A": [
    [
      0.9344262295081968,
      0.06557377049180328,
      0.0,
      0.0,
      0.0
    ],
    [
      0.0,
      0.9335548172757475,
      0.06644518272425248,
      0.0,
      0.0
    ],
    [
      0.0,
      0.0,
      0.9327731092436975,
      0.06722689075630252,
      0.0
    ],
    [
      0.0,
      0.0,
      0.0,
      0.9318568994889268,
      0.06814310051107325
    ],
    [
      0.0,
      0.0,
      0.0,
      0.0,
      1.0
    ]
  ]
}