{
  "palabra": "suelo",
  "N": 5,
  "M": 256,
  "epsilon_B": 1e-06,
  "num_secuencias_entrenamiento": 40,
  "longitudes_secuencias": [
    41,
    54,
    60,
    58,
    51,
    66,
    69,
    69,
    66,
    69,
    64,
    67,
    71,
    67,
    56,
    73,
    65,
    46,
    57,
    55,
    59,
    38,
    50,
    58,
    34,
    52,
    50,
    111,
    123,
    69,
    120,
    123,
    123,
    123,
    123,
    123,
    58,
    46,
    55,
    51
  ],
  "duracion_promedio_estados": [
    14.475,
    14.225,
    14.125,
    13.85,
    13.65
  ],
  "suma_filas_A": [
    1.0,
    1.0,
    1.0,
    1.0,
    1.0
  ],
  "suma_filas_B": [
    0.9999999999999999,
    0.9999999999999999,
    1.0,
    1.0,
    1.0
  ],
  "suma_pi": 1.0,
  "A": [
    [
      0.9309153713298791,
      0.0690846286701209,
      0.0,
      0.0,
      0.0
    ],
    [
      0.0,
      0.929701230228471,
      0.070298769771529,
      0.0,
      0.0
    ],
    [
      0.0,
      0.0,
      0.9292035398230089,
      0.07079646017699115,
      0.0
    ],
    [
      0.0,
      0.0,
      0.0,
      0.927797833935018,
      0.07220216606498195
    ],
    [
      0.0,
      0.0,
      0.0,
      0.0,
      1.0
    ]
  ]
}