{
  "palabra": "almacen",
  "N": 5,
  "M": 256,
  "epsilon_B": 1e-06,
  "num_secuencias_entrenamiento": 30,
  "longitudes_secuencias": [
    68,
    81,
    42,
    72,
    77,
    63,
    84,
    66,
    56,
    72,
    93,
    75,
    63,
    75,
    57,
    86,
    100,
    62,
    52,
    58,
    62,
    63,
    69,
    74,
    74,
    78,
    65,
    84,
    83,
    59
  ],
  "duracion_promedio_estados": [
    14.5,
    14.366666666666667,
    14.1,
    13.833333333333334,
    13.633333333333333
  ],
  "suma_filas_A": [
    1.0,
    1.0,
    1.0,
    1.0,
    1.0
  ],
  "suma_filas_B": [
    1.0000000000000002,
    1.0000000000000004,
    1.0,
    0.9999999999999999,
    0.9999999999999996
  ],
  "suma_pi": 1.0,
  "A": [
    [
      0.9310344827586207,
      0.06896551724137931,
      0.0,
      0.0,
      0.0
    ],
    [
      0.0,
      0.9303944315545244,
      0.06960556844547564,
      0.0,
      0.0
    ],
    [
      0.0,
      0.0,
      0.9290780141843972,
      0.07092198581560284,
      0.0
    ],
    [
      0.0,
      0.0,
      0.0,
      0.927710843373494,
      0.07228915662650602
    ],
    [
      0.0,
      0.0,
      0.0,
      0.0,
      1.0
    ]
  ]
}