{
  "palabra": "arranca",
  "N": 5,
  "M": 256,
  "epsilon_B": 1e-06,
  "num_secuencias_entrenamiento": 40,
  "longitudes_secuencias": [
    57,
    70,
    119,
    64,
    90,
    99,
    81,
    68,
    71,
    79,
    70,
    65,
    73,
    109,
    76,
    62,
    73,
    68,
    61,
    80,
    70,
    107,
    72,
    48,
    88,
    74,
    77,
    83,
    121,
    74,
    123,
    123,
    114,
    123,
    123,
    123,
    123,
    123,
    123,
    67
  ],
  "duracion_promedio_estados": [
    17.95,
    17.825,
    17.675,
    17.3,
    17.1
  ],
  "suma_filas_A": [
    1.0,
    1.0,
    1.0,
    1.0,
    1.0
  ],
  "suma_filas_B": [
    1.0000000000000004,
    1.0000000000000004,
    1.0000000000000002,
    1.0000000000000002,
    1.0000000000000002
  ],
  "suma_pi": 1.0,
  "A": [
    [
      0.9442896935933147,
      0.05571030640668524,
      0.0,
      0.0,
      0.0
    ],
    [
      0.0,
      0.9438990182328191,
      0.05610098176718093,
      0.0,
      0.0
    ],
    [
      0.0,
      0.0,
      0.9434229137199435,
      0.056577086280056574,
      0.0
    ],
    [
      0.0,
      0.0,
      0.0,
      0.9421965317919075,
      0.057803468208092484
    ],
    [
      0.0,
      0.0,
      0.0,
      0.0,
      1.0
    ]
  ]
}