{
  "palabra": "grua",
  "N": 5,
  "M": 256,
  "epsilon_B": 1e-06,
  "num_secuencias_entrenamiento": 30,
  "longitudes_secuencias": [
    52,
    49,
    49,
    51,
    60,
    56,
    44,
    74,
    65,
    84,
    56,
    73,
    61,
    74,
    81,
    56,
    54,
    55,
    37,
    42,
    47,
    38,
    49,
    44,
    71,
    51,
    48,
    53,
    48,
    50
  ],
  "duracion_promedio_estados": [
    11.566666666666666,
    11.3,
    11.166666666666666,
    11.0,
    10.7
  ],
  "suma_filas_A": [
    1.0,
    1.0,
    1.0,
    1.0,
    1.0
  ],
  "suma_filas_B": [
    1.0,
    1.0000000000000002,
    0.9999999999999999,
    0.9999999999999998,
    1.0
  ],
  "suma_pi": 1.0,
  "A": [
    [
      0.9135446685878963,
      0.08645533141210375,
      0.0,
      0.0,
      0.0
    ],
    [
      0.0,
      0.911504424778761,
      0.08849557522123894,
      0.0,
      0.0
    ],
    [
      0.0,
      0.0,
      0.9104477611940298,
      0.08955223880597016,
      0.0
    ],
    [
      0.0,
      0.0,
      0.0,
      0.9090909090909091,
      0.09090909090909091
    ],
    [
      0.0,
      0.0,
      0.0,
      0.0,
      1.0
    ]
  ]
}