{
  "palabra": "suelo",
  "N": 5,
  "M": 256,
  "epsilon_B": 1e-06,
  "num_secuencias_entrenamiento": 30,
  "longitudes_secuencias": [
    41,
    54,
    58,
    51,
    57,
    69,
    63,
    69,
    59,
    69,
    70,
    64,
    67,
    71,
    73,
    67,
    65,
    63,
    60,
    55,
    59,
    38,
    55,
    34,
    91,
    52,
    50,
    69,
    46,
    55
  ],
  "duracion_promedio_estados": [
    12.3,
    12.133333333333333,
    12.0,
    11.833333333333334,
    11.533333333333333
  ],
  "suma_filas_A": [
    1.0,
    1.0,
    1.0,
    1.0,
    1.0
  ],
  "suma_filas_B": [
    1.0,
    1.0000000000000004,
    0.9999999999999999,
    1.0000000000000004,
    0.9999999999999998
  ],
  "suma_pi": 1.0,
  "A": [
    [
      0.9186991869918699,
      0.08130081300813008,
      0.0,
      0.0,
      0.0
    ],
    [
      0.0,
      0.9175824175824175,
      0.08241758241758242,
      0.0,
      0.0
    ],
    [
      0.0,
      0.0,
      0.9166666666666666,
      0.08333333333333333,
      0.0
    ],
    [
      0.0,
      0.0,
      0.0,
      0.9154929577464789,
      0.08450704225352113
    ],
    [
      0.0,
      0.0,
      0.0,
      0.0,
      1.0
    ]
  ]
}