{
  "palabra": "almacen",
  "N": 5,
  "M": 256,
  "epsilon_B": 1e-06,
  "num_secuencias_entrenamiento": 40,
  "longitudes_secuencias": [
    68,
    81,
    42,
    72,
    77,
    63,
    77,
    62,
    98,
    76,
    75,
    63,
    52,
    57,
    86,
    100,
    77,
    28,
    52,
    58,
    93,
    62,
    58,
    63,
    74,
    74,
    78,
    78,
    85,
    84,
    110,
    123,
    123,
    123,
    123,
    123,
    123,
    75,
    24,
    75
  ],
  "duracion_promedio_estados": [
    16.075,
    16.0,
    15.75,
    15.325,
    15.225
  ],
  "suma_filas_A": [
    1.0,
    1.0,
    1.0,
    1.0,
    1.0
  ],
  "suma_filas_B": [
    1.0000000000000004,
    1.0000000000000004,
    1.0000000000000004,
    1.0000000000000004,
    0.9999999999999999
  ],
  "suma_pi": 1.0,
  "A": [
    [
      0.937791601866252,
      0.06220839813374806,
      0.0,
      0.0,
      0.0
    ],
    [
      0.0,
      0.9375,
      0.0625,
      0.0,
      0.0
    ],
    [
      0.0,
      0.0,
      0.9365079365079365,
      0.06349206349206349,
      0.0
    ],
    [
      0.0,
      0.0,
      0.0,
      0.9347471451876019,
      0.06525285481239805
    ],
    [
      0.0,
      0.0,
      0.0,
      0.0,
      1.0
    ]
  ]
}