{
  "palabra": "base",
  "N": 5,
  "M": 256,
  "epsilon_B": 1e-06,
  "num_secuencias_entrenamiento": 40,
  "longitudes_secuencias": [
    44,
    50,
    41,
    49,
    55,
    55,
    32,
    48,
    68,
    62,
    62,
    59,
    69,
    84,
    51,
    65,
    68,
    57,
    29,
    49,
    43,
    47,
    116,
    46,
    40,
    61,
    39,
    44,
    123,
    91,
    118,
    123,
    123,
    123,
    123,
    123,
    123,
    120,
    49,
    39
  ],
  "duracion_promedio_estados": [
    14.425,
    14.275,
    14.15,
    13.85,
    13.575
  ],
  "suma_filas_A": [
    1.0,
    1.0,
    1.0,
    1.0,
    1.0
  ],
  "suma_filas_B": [
    1.0,
    1.0000000000000004,
    1.0,
    1.0,
    1.0000000000000002
  ],
  "suma_pi": 1.0,
  "A": [
    [
      0.9306759098786829,
      0.06932409012131716,
      0.0,
      0.0,
      0.0
    ],
    [
      0.0,
      0.9299474605954466,
      0.07005253940455342,
      0.0,
      0.0
    ],
    [
      0.0,
      0.0,
      0.9293286219081273,
      0.0706713780918728,
      0.0
    ],
    [
      0.0,
      0.0,
      0.0,
      0.927797833935018,
      0.07220216606498195
    ],
    [
      0.0,
      0.0,
      0.0,
      0.0,
      1.0
    ]
  ]
}