{
  "palabra": "recoge",
  "N": 5,
  "M": 256,
  "epsilon_B": 1e-06,
  "num_secuencias_entrenamiento": 40,
  "longitudes_secuencias": [
    64,
    72,
    70,
    62,
    51,
    84,
    94,
    93,
    111,
    98,
    90,
    74,
    121,
    38,
    98,
    64,
    99,
    67,
    103,
    88,
    76,
    68,
    70,
    72,
    64,
    69,
    71,
    75,
    123,
    123,
    123,
    118,
    123,
    123,
    123,
    123,
    123,
    123,
    64,
    86
  ],
  "duracion_promedio_estados": [
    18.3,
    18.15,
    18.05,
    17.625,
    17.4
  ],
  "suma_filas_A": [
    1.0,
    1.0,
    1.0,
    1.0,
    1.0
  ],
  "suma_filas_B": [
    1.0000000000000002,
    1.0,
    1.0,
    1.0,
    1.0000000000000004
  ],
  "suma_pi": 1.0,
  "A": [
    [
      0.9453551912568307,
      0.0546448087431694,
      0.0,
      0.0,
      0.0
    ],
    [
      0.0,
      0.9449035812672176,
      0.05509641873278237,
      0.0,
      0.0
    ],
    [
      0.0,
      0.0,
      0.9445983379501385,
      0.055401662049861494,
      0.0
    ],
    [
      0.0,
      0.0,
      0.0,
      0.9432624113475178,
      0.05673758865248227
    ],
    [
      0.0,
      0.0,
      0.0,
      0.0,
      1.0
    ]
  ]
}