{
  "palabra": "mira",
  "N": 5,
  "M": 256,
  "epsilon_B": 1e-06,
  "num_secuencias_entrenamiento": 30,
  "longitudes_secuencias": [
    53,
    72,
    49,
    45,
    48,
    42,
    46,
    53,
    40,
    49,
    42,
    44,
    46,
    46,
    46,
    49,
    57,
    60,
    55,
    57,
    62,
    62,
    39,
    89,
    46,
    79,
    59,
    54,
    56,
    52
  ],
  "duracion_promedio_estados": [
    11.066666666666666,
    10.866666666666667,
    10.6,
    10.5,
    10.2
  ],
  "suma_filas_A": [
    1.0,
    1.0,
    1.0,
    1.0,
    1.0
  ],
  "suma_filas_B": [
    1.0000000000000004,
    1.0,
    1.0,
    1.0,
    1.0
  ],
  "suma_pi": 1.0,
  "A": [
    [
      0.9096385542168675,
      0.09036144578313253,
      0.0,
      0.0,
      0.0
    ],
    [
      0.0,
      0.9079754601226994,
      0.09202453987730061,
      0.0,
      0.0
    ],
    [
      0.0,
      0.0,
      0.9056603773584906,
      0.09433962264150944,
      0.0
    ],
    [
      0.0,
      0.0,
      0.0,
      0.9047619047619048,
      0.09523809523809523
    ],
    [
      0.0,
      0.0,
      0.0,
      0.0,
      1.0
    ]
  ]
}