{
  "palabra": "recoge",
  "N": 5,
  "M": 256,
  "epsilon_B": 1e-06,
  "num_secuencias_entrenamiento": 30,
  "longitudes_secuencias": [
    64,
    72,
    100,
    70,
    72,
    62,
    94,
    93,
    67,
    93,
    90,
    74,
    110,
    100,
    38,
    98,
    64,
    99,
    65,
    88,
    76,
    68,
    118,
    72,
    71,
    75,
    86,
    54,
    53,
    86
  ],
  "duracion_promedio_estados": [
    16.166666666666668,
    16.033333333333335,
    15.866666666666667,
    15.6,
    15.4
  ],
  "suma_filas_A": [
    1.0,
    1.0,
    1.0,
    1.0,
    1.0
  ],
  "suma_filas_B": [
    1.0,
    1.0,
    1.0000000000000002,
    1.0000000000000004,
    1.0000000000000004
  ],
  "suma_pi": 1.0,
  "A": [
    [
      0.9381443298969072,
      0.06185567010309278,
      0.0,
      0.0,
      0.0
    ],
    [
      0.0,
      0.9376299376299376,
      0.06237006237006237,
      0.0,
      0.0
    ],
    [
      0.0,
      0.0,
      0.9369747899159664,
      0.06302521008403361,
      0.0
    ],
    [
      0.0,
      0.0,
      0.0,
      0.9358974358974359,
      0.06410256410256411
    ],
    [
      0.0,
      0.0,
      0.0,
      0.0,
      1.0
    ]
  ]
}