{
  "palabra": "base",
  "N": 5,
  "M": 256,
  "epsilon_B": 1e-06,
  "num_secuencias_entrenamiento": 30,
  "longitudes_secuencias": [
    44,
    50,
    41,
    49,
    55,
    96,
    32,
    48,
    68,
    62,
    59,
    67,
    69,
    84,
    65,
    49,
    68,
    35,
    57,
    62,
    40,
    43,
    47,
    61,
    44,
    45,
    47,
    49,
    39,
    49
  ],
  "duracion_promedio_estados": [
    11.166666666666666,
    11.066666666666666,
    10.833333333333334,
    10.7,
    10.366666666666667
  ],
  "suma_filas_A": [
    1.0,
    1.0,
    1.0,
    1.0,
    1.0
  ],
  "suma_filas_B": [
    0.9999999999999998,
    1.0,
    1.0000000000000002,
    1.0,
    1.0
  ],
  "suma_pi": 1.0,
  "A": [
    [
      0.9104477611940298,
      0.08955223880597016,
      0.0,
      0.0,
      0.0
    ],
    [
      0.0,
      0.9096385542168675,
      0.09036144578313253,
      0.0,
      0.0
    ],
    [
      0.0,
      0.0,
      0.9076923076923077,
      0.0923076923076923,
      0.0
    ],
    [
      0.0,
      0.0,
      0.0,
      0.9065420560747663,
      0.09345794392523366
    ],
    [
      0.0,
      0.0,
      0.0,
      0.0,
      1.0
    ]
  ]
}