{
  "palabra": "grua",
  "N": 5,
  "M": 256,
  "epsilon_B": 1e-06,
  "num_secuencias_entrenamiento": 40,
  "longitudes_secuencias": [
    52,
    49,
    52,
    60,
    63,
    64,
    56,
    44,
    65,
    84,
    64,
    61,
    62,
    81,
    90,
    54,
    48,
    55,
    37,
    42,
    46,
    55,
    49,
    61,
    71,
    51,
    48,
    67,
    123,
    53,
    123,
    64,
    123,
    123,
    123,
    48,
    123,
    50,
    50,
    49
  ],
  "duracion_promedio_estados": [
    13.8,
    13.625,
    13.475,
    13.2,
    12.975
  ],
  "suma_filas_A": [
    1.0,
    1.0,
    1.0,
    1.0,
    1.0
  ],
  "suma_filas_B": [
    1.0,
    1.0,
    1.0000000000000002,
    1.0000000000000004,
    1.0
  ],
  "suma_pi": 1.0,
  "A": [
    [
      0.927536231884058,
      0.07246376811594203,
      0.0,
      0.0,
      0.0
    ],
    [
      0.0,
      0.926605504587156,
      0.07339449541284404,
      0.0,
      0.0
    ],
    [
      0.0,
      0.0,
      0.9257884972170687,
      0.07421150278293136,
      0.0
    ],
    [
      0.0,
      0.0,
      0.0,
      0.9242424242424242,
      0.07575757575757576
    ],
    [
      0.0,
      0.0,
      0.0,
      0.0,
      1.0
    ]
  ]
}