{
  "palabra": "entrega",
  "N": 5,
  "M": 256,
  "epsilon_B": 1e-06,
  "num_secuencias_entrenamiento": 30,
  "longitudes_secuencias": [
    50,
    59,
    58,
    60,
    55,
    73,
    80,
    52,
    64,
    71,
    49,
    44,
    86,
    66,
    75,
    82,
    65,
    61,
    74,
    71,
    68,
    70,
    72,
    70,
    77,
    70,
    66,
    64,
    82,
    67
  ],
  "duracion_promedio_estados": [
    13.7,
    13.5,
    13.3,
    13.2,
    13.0
  ],
  "suma_filas_A": [
    1.0,
    1.0,
    1.0,
    1.0,
    1.0
  ],
  "suma_filas_B": [
    1.0,
    1.0000000000000002,
    1.0000000000000002,
    1.0000000000000004,
    1.0
  ],
  "suma_pi": 1.0,
  "A": [
    [
      0.927007299270073,
      0.07299270072992702,
      0.0,
      0.0,
      0.0
    ],
    [
      0.0,
      0.9259259259259259,
      0.07407407407407407,
      0.0,
      0.0
    ],
    [
      0.0,
      0.0,
      0.924812030075188,
      0.07518796992481203,
      0.0
    ],
    [
      0.0,
      0.0,
      0.0,
      0.9242424242424242,
      0.07575757575757576
    ],
    [
      0.0,
      0.0,
      0.0,
      0.0,
      1.0
    ]
  ]
}