{
  "palabra": "freno",
  "N": 5,
  "M": 256,
  "epsilon_B": 1e-06,
  "num_secuencias_entrenamiento": 30,
  "longitudes_secuencias": [
    56,
    59,
    50,
    46,
    27,
    48,
    45,
    44,
    38,
    43,
    46,
    35,
    40,
    38,
    41,
    46,
    51,
    46,
    65,
    48,
    42,
    46,
    44,
    52,
    92,
    40,
    62,
    47,
    52,
    49
  ],
  "duracion_promedio_estados": [
    10.033333333333333,
    9.766666666666667,
    9.533333333333333,
    9.366666666666667,
    9.233333333333333
  ],
  "suma_filas_A": [
    1.0,
    1.0,
    1.0,
    1.0,
    1.0
  ],
  "suma_filas_B": [
    1.0000000000000004,
    1.0,
    1.0,
    1.0000000000000002,
    1.0
  ],
  "suma_pi": 1.0,
  "A": [
    [
      0.9003322259136213,
      0.09966777408637874,
      0.0,
      0.0,
      0.0
    ],
    [
      0.0,
      0.8976109215017065,
      0.10238907849829351,
      0.0,
      0.0
    ],
    [
      0.0,
      0.0,
      0.8951048951048951,
      0.1048951048951049,
      0.0
    ],
    [
      0.0,
      0.0,
      0.0,
      0.8932384341637011,
      0.10676156583629892
    ],
    [
      0.0,
      0.0,
      0.0,
      0.0,
      1.0
    ]
  ]
}