{
  "palabra": "freno",
  "N": 5,
  "M": 256,
  "epsilon_B": 1e-06,
  "num_secuencias_entrenamiento": 40,
  "longitudes_secuencias": [
    56,
    53,
    59,
    50,
    56,
    47,
    43,
    27,
    48,
    45,
    46,
    35,
    40,
    33,
    41,
    46,
    40,
    46,
    65,
    54,
    42,
    46,
    64,
    44,
    52,
    48,
    67,
    40,
    35,
    89,
    123,
    123,
    48,
    78,
    121,
    98,
    123,
    50,
    50,
    49
  ],
  "duracion_promedio_estados": [
    11.975,
    11.775,
    11.65,
    11.375,
    11.225
  ],
  "suma_filas_A": [
    1.0,
    1.0,
    1.0,
    1.0,
    1.0
  ],
  "suma_filas_B": [
    1.0,
    1.0,
    1.0,
    1.0,
    1.0000000000000002
  ],
  "suma_pi": 1.0,
  "A": [
    [
      0.9164926931106472,
      0.08350730688935282,
      0.0,
      0.0,
      0.0
    ],
    [
      0.0,
      0.9150743099787686,
      0.08492569002123142,
      0.0,
      0.0
    ],
    [
      0.0,
      0.0,
      0.9141630901287554,
      0.08583690987124463,
      0.0
    ],
    [
      0.0,
      0.0,
      0.0,
      0.9120879120879121,
      0.08791208791208792
    ],
    [
      0.0,
      0.0,
      0.0,
      0.0,
      1.0
    ]
  ]
}