{
  "palabra": "arranca",
  "N": 5,
  "M": 256,
  "epsilon_B": 1e-06,
  "num_secuencias_entrenamiento": 30,
  "longitudes_secuencias": [
    67,
    57,
    70,
    119,
    70,
    64,
    90,
    81,
    71,
    79,
    70,
    65,
    73,
    109,
    79,
    96,
    74,
    73,
    68,
    61,
    70,
    107,
    74,
    72,
    48,
    74,
    74,
    75,
    67,
    38
  ],
  "duracion_promedio_estados": [
    15.233333333333333,
    15.1,
    14.933333333333334,
    14.766666666666667,
    14.466666666666667
  ],
  "suma_filas_A": [
    1.0,
    1.0,
    1.0,
    1.0,
    1.0
  ],
  "suma_filas_B": [
    1.0000000000000002,
    0.9999999999999999,
    1.0000000000000004,
    1.0,
    1.0000000000000004
  ],
  "suma_pi": 1.0,
  "A": [
    [
      0.9343544857768052,
      0.06564551422319476,
      0.0,
      0.0,
      0.0
    ],
    [
      0.0,
      0.9337748344370861,
      0.06622516556291391,
      0.0,
      0.0
    ],
    [
      0.0,
      0.0,
      0.9330357142857143,
      0.06696428571428571,
      0.0
    ],
    [
      0.0,
      0.0,
      0.0,
      0.9322799097065463,
      0.06772009029345372
    ],
    [
      0.0,
      0.0,
      0.0,
      0.0,
      1.0
    ]
  ]
}