{
  "palabra": "izquierda",
  "N": 5,
  "M": 256,
  "epsilon_B": 1e-06,
  "num_secuencias_entrenamiento": 30,
  "longitudes_secuencias": [
    69,
    66,
    66,
    75,
    68,
    61,
    53,
    66,
    63,
    63,
    61,
    61,
    54,
    62,
    68,
    43,
    69,
    74,
    81,
    87,
    80,
    81,
    77,
    65,
    112,
    95,
    71,
    76,
    65,
    65
  ],
  "duracion_promedio_estados": [
    14.433333333333334,
    14.1,
    13.966666666666667,
    13.766666666666667,
    13.633333333333333
  ],
  "suma_filas_A": [
    1.0,
    1.0,
    1.0,
    1.0,
    1.0
  ],
  "suma_filas_B": [
    1.0,
    1.0,
    1.0000000000000002,
    1.0,
    1.0
  ],
  "suma_pi": 1.0,
  "A": [
    [
      0.930715935334873,
      0.06928406466512702,
      0.0,
      0.0,
      0.0
    ],
    [
      0.0,
      0.9290780141843972,
      0.07092198581560284,
      0.0,
      0.0
    ],
    [
      0.0,
      0.0,
      0.9284009546539379,
      0.07159904534606205,
      0.0
    ],
    [
      0.0,
      0.0,
      0.0,
      0.927360774818402,
      0.07263922518159806
    ],
    [
      0.0,
      0.0,
      0.0,
      0.0,
      1.0
    ]
  ]
}