{
  "palabra": "izquierda",
  "N": 5,
  "M": 256,
  "epsilon_B": 1e-06,
  "num_secuencias_entrenamiento": 40,
  "longitudes_secuencias": [
    66,
    66,
    67,
    75,
    72,
    68,
    53,
    66,
    59,
    63,
    61,
    49,
    54,
    62,
    67,
    43,
    69,
    73,
    81,
    87,
    86,
    79,
    72,
    77,
    65,
    112,
    76,
    107,
    71,
    71,
    112,
    99,
    123,
    118,
    123,
    98,
    76,
    123,
    63,
    65
  ],
  "duracion_promedio_estados": [
    16.075,
    15.825,
    15.575,
    15.3,
    15.15
  ],
  "suma_filas_A": [
    1.0,
    1.0,
    1.0,
    1.0,
    1.0
  ],
  "suma_filas_B": [
    1.0000000000000002,
    1.0000000000000004,
    1.0000000000000002,
    1.0,
    1.0000000000000004
  ],
  "suma_pi": 1.0,
  "A": [
    [
      0.937791601866252,
      0.06220839813374806,
      0.0,
      0.0,
      0.0
    ],
    [
      0.0,
      0.9368088467614534,
      0.06319115323854661,
      0.0,
      0.0
    ],
    [
      0.0,
      0.0,
      0.9357945425361156,
      0.06420545746388444,
      0.0
    ],
    [
      0.0,
      0.0,
      0.0,
      0.934640522875817,
      0.06535947712418301
    ],
    [
      0.0,
      0.0,
      0.0,
      0.0,
      1.0
    ]
  ]
}