{
  "palabra": "mira",
  "N": 5,
  "M": 256,
  "epsilon_B": 1e-06,
  "num_secuencias_entrenamiento": 40,
  "longitudes_secuencias": [
    51,
    48,
    51,
    41,
    42,
    46,
    53,
    50,
    40,
    49,
    49,
    42,
    44,
    43,
    51,
    49,
    61,
    57,
    60,
    57,
    62,
    62,
    89,
    53,
    54,
    123,
    123,
    123,
    123,
    55,
    123,
    123,
    123,
    123,
    123,
    123,
    123,
    123,
    53,
    60
  ],
  "duracion_promedio_estados": [
    15.15,
    15.0,
    14.85,
    14.425,
    14.275
  ],
  "suma_filas_A": [
    1.0,
    1.0,
    1.0,
    1.0,
    1.0
  ],
  "suma_filas_B": [
    1.0,
    1.0000000000000002,
    1.0,
    1.0,
    1.0000000000000002
  ],
  "suma_pi": 1.0,
  "A": [
    [
      0.933993399339934,
      0.066006600660066,
      0.0,
      0.0,
      0.0
    ],
    [
      0.0,
      0.9333333333333333,
      0.06666666666666667,
      0.0,
      0.0
    ],
    [
      0.0,
      0.0,
      0.9326599326599326,
      0.06734006734006734,
      0.0
    ],
    [
      0.0,
      0.0,
      0.0,
      0.9306759098786829,
      0.06932409012131716
    ],
    [
      0.0,
      0.0,
      0.0,
      0.0,
      1.0
    ]
  ]
}